L,M,F,S,HD,Np,CS,DualLink,jesd_mode,Mode
1,4,8,1,0,16,0,False,1C,0
1,4,8,1,0,16,0,False,1C,1
1,4,8,1,0,16,0,True,1C,2
1,4,8,1,0,16,0,True,1C,3
1,4,8,1,0,16,0,False,1C,4
1,4,8,1,0,16,0,False,1C,5
1,4,8,1,0,16,0,True,1C,6
1,4,8,1,0,16,0,True,1C,7
1,4,8,1,0,16,0,False,1C,8
1,4,8,1,0,16,0,True,1C,9
2,8,8,1,0,16,0,False,3C,10
2,8,8,1,0,16,0,False,3C,11
2,8,8,1,0,16,0,True,3C,12
2,8,8,1,0,16,0,True,3C,13
2,8,8,1,0,16,0,False,3C,14
2,8,8,1,0,16,0,False,3C,15
2,8,8,1,0,16,0,True,3C,16
2,8,8,1,0,16,0,True,3C,17
2,8,8,1,0,16,0,False,3C,18
2,8,8,1,0,16,0,True,3C,19
3,12,8,1,0,16,0,False,7C,20
3,12,8,1,0,16,0,False,7C,21
3,12,8,1,0,16,0,False,7C,22
3,12,8,1,0,16,0,False,7C,23
3,12,8,1,0,16,0,False,7C,24
4,16,8,1,0,16,0,False,11C,25
4,16,8,1,0,16,0,False,11C,26
4,16,8,1,0,16,0,False,11C,27
4,16,8,1,0,16,0,False,11C,28
4,16,8,1,0,16,0,False,11C,29
1,2,4,1,0,16,0,False,2C,30
1,2,4,1,0,16,0,True,2C,31
1,2,4,1,0,16,0,False,2C,32
1,2,4,1,0,16,0,False,2C,33
1,2,4,1,0,16,0,True,2C,34
1,2,4,1,0,16,0,True,2C,35
1,2,4,1,0,16,0,False,2C,36
1,2,4,1,0,16,0,False,2C,37
1,2,4,1,0,16,0,True,2C,38
1,2,4,1,0,16,0,True,2C,39
1,2,4,1,0,16,0,False,2C,40
1,2,4,1,0,16,0,True,2C,41
1,2,4,1,0,16,0,False,2C,42
1,2,4,1,0,16,0,True,2C,43
2,4,4,1,0,16,0,False,5C,44
2,4,4,1,0,16,0,True,5C,45
2,4,4,1,0,16,0,False,5C,46
2,4,4,1,0,16,0,False,5C,47
2,4,4,1,0,16,0,True,5C,48
2,4,4,1,0,16,0,True,5C,49
2,4,4,1,0,16,0,False,5C,50
2,4,4,1,0,16,0,False,5C,51
2,4,4,1,0,16,0,True,5C,52
2,4,4,1,0,16,0,True,5C,53
2,4,4,1,0,16,0,False,5C,54
2,4,4,1,0,16,0,True,5C,55
2,4,4,1,0,16,0,False,5C,56
2,4,4,1,0,16,0,True,5C,57
3,6,4,1,0,16,0,False,8C,58
3,6,4,1,0,16,0,True,8C,59
3,6,4,1,0,16,0,False,8C,60
3,6,4,1,0,16,0,False,8C,61
3,6,4,1,0,16,0,True,8C,62
3,6,4,1,0,16,0,False,8C,63
3,6,4,1,0,16,0,False,8C,64
3,6,4,1,0,16,0,True,8C,65
3,6,4,1,0,16,0,False,8C,66
3,6,4,1,0,16,0,True,8C,67
3,6,4,1,0,16,0,False,8C,68
3,6,4,1,0,16,0,True,8C,69
4,8,4,1,0,16,0,False,9C,70
4,8,4,1,0,16,0,True,9C,71
4,8,4,1,0,16,0,False,9C,72
4,8,4,1,0,16,0,False,9C,73
4,8,4,1,0,16,0,True,9C,74
4,8,4,1,0,16,0,True,9C,75
4,8,4,1,0,16,0,False,9C,76
4,8,4,1,0,16,0,True,9C,77
4,8,4,1,0,16,0,False,9C,78
4,8,4,1,0,16,0,True,9C,79
4,8,4,1,0,16,0,False,9C,80
4,8,4,1,0,16,0,True,9C,81
6,12,4,1,0,16,0,False,14C,82
6,12,4,1,0,16,0,False,14C,83
6,12,4,1,0,16,0,False,14C,84
6,12,4,1,0,16,0,False,14C,85
6,12,4,1,0,16,0,False,14C,86
8,16,4,1,0,16,0,False,16C,87
8,16,4,1,0,16,0,False,16C,88
8,16,4,1,0,16,0,False,16C,89
8,16,4,1,0,16,0,False,16C,90
8,16,4,1,0,16,0,False,16C,91
8,16,4,1,0,16,0,False,16C,92
4,4,2,1,0,16,0,False,10C,93
4,4,2,1,0,16,0,True,10C,94
4,4,2,1,0,16,0,False,10C,95
4,4,2,1,0,16,0,True,10C,96
4,4,2,1,0,16,0,False,10C,97
4,4,2,1,0,16,0,True,10C,98
8,8,2,1,0,16,0,False,15C,99
4,2,1,1,1,16,0,False,12C,100
4,2,1,1,1,16,0,True,12C,101
4,2,1,1,1,16,0,False,12C,102
4,2,1,1,1,16,0,True,12C,103
8,4,1,1,1,16,0,False,17C,104
4,2,3,4,0,12,0,False,13C,105
4,2,3,4,0,12,0,True,13C,106
8,2,1,2,1,16,0,False,18C,107
8,2,1,2,1,16,0,False,18C,108
8,2,1,4,1,8,0,False,19C,109
8,1,1,4,1,16,0,False,20C,110
1,4,8,1,0,16,0,False,1C,111
1,4,8,1,0,16,0,False,1C,112
1,4,8,1,0,16,0,False,1C,113
1,4,8,1,0,16,0,False,1C,114
2,8,8,1,0,16,0,False,3C,115
2,8,8,1,0,16,0,False,3C,116
2,8,8,1,0,16,0,False,3C,117
2,8,8,1,0,16,0,False,3C,118
2,8,8,1,0,16,0,False,3C,119
4,16,8,1,0,16,0,False,11C,120
4,8,4,1,0,16,0,False,9C,121
4,8,8,2,0,16,0,False,21C,122
2,2,3,2,0,12,0,False,22C,123
2,2,3,2,0,12,0,False,22C,124
2,2,3,2,0,12,0,False,22C,125
2,2,3,2,0,12,0,False,22C,126
2,2,3,2,0,12,0,True,22C,127
2,2,3,2,0,12,0,True,22C,128
2,2,3,2,0,12,0,True,22C,129
2,2,3,2,0,12,0,True,22C,130
4,4,3,2,0,12,0,False,23C,131
4,4,3,2,0,12,0,False,23C,132
4,4,3,2,0,12,0,False,23C,133
4,4,3,2,0,12,0,False,23C,134
4,4,3,2,0,12,0,True,23C,135
4,4,3,2,0,12,0,True,23C,136
4,4,3,2,0,12,0,True,23C,137
4,4,3,2,0,12,0,True,23C,138
8,8,3,2,0,12,0,False,24C,139
8,8,3,2,0,12,0,False,24C,140
8,8,3,2,0,12,0,False,24C,141
8,8,3,2,0,12,0,False,24C,142
2,4,4,1,0,16,0,False,5B,171
2,4,4,1,0,16,0,False,5B,172
2,4,4,1,0,16,0,False,5B,173
2,4,4,1,0,16,0,False,5B,174
2,4,4,1,0,16,0,True,5B,175
2,4,4,1,0,16,0,True,5B,176
2,4,4,1,0,16,0,False,5B,177
2,4,4,1,0,16,0,False,5B,178
2,4,4,1,0,16,0,True,5B,179
2,4,4,1,0,16,0,True,5B,180
2,4,4,1,0,16,0,False,5B,181
2,4,4,1,0,16,0,True,5B,182
3,6,4,1,0,16,0,False,8B,183
3,6,4,1,0,16,0,False,8B,184
3,6,4,1,0,16,0,True,8B,185
3,6,4,1,0,16,0,True,8B,186
3,6,4,1,0,16,0,False,8B,187
3,6,4,1,0,16,0,False,8B,188
3,6,4,1,0,16,0,False,8B,189
3,6,4,1,0,16,0,True,8B,190
3,6,4,1,0,16,0,True,8B,191
3,6,4,1,0,16,0,False,8B,192
3,6,4,1,0,16,0,True,8B,193
4,8,4,1,0,16,0,False,9B,194
4,8,4,1,0,16,0,False,9B,195
4,8,4,1,0,16,0,False,9B,196
4,8,4,1,0,16,0,False,9B,197
4,8,4,1,0,16,0,True,9B,198
4,8,4,1,0,16,0,True,9B,199
4,8,4,1,0,16,0,False,9B,200
4,8,4,1,0,16,0,False,9B,201
4,8,4,1,0,16,0,False,9B,202
4,8,4,1,0,16,0,True,9B,203
4,8,4,1,0,16,0,True,9B,204
4,8,4,1,0,16,0,False,9B,205
4,8,4,1,0,16,0,True,9B,206
6,12,4,1,0,16,0,False,14B,207
6,12,4,1,0,16,0,False,14B,208
6,12,4,1,0,16,0,False,14B,209
6,12,4,1,0,16,0,False,14B,210
6,12,4,1,0,16,0,False,14B,211
8,16,4,1,0,16,0,False,16B,212
8,16,4,1,0,16,0,False,16B,213
8,16,4,1,0,16,0,False,16B,214
8,16,4,1,0,16,0,False,16B,215
8,16,4,1,0,16,0,False,16B,216
2,2,2,1,0,16,0,False,6B,217
2,2,2,1,0,16,0,True,6B,218
2,2,2,1,0,16,0,False,6B,219
2,2,2,1,0,16,0,False,6B,220
2,2,2,1,0,16,0,True,6B,221
2,2,2,1,0,16,0,True,6B,222
2,2,2,1,0,16,0,False,6B,223
2,2,2,1,0,16,0,False,6B,224
2,2,2,1,0,16,0,True,6B,225
2,2,2,1,0,16,0,True,6B,226
2,2,2,1,0,16,0,False,6B,227
2,2,2,1,0,16,0,True,6B,228
2,2,2,1,0,16,0,False,6B,229
2,2,2,1,0,16,0,True,6B,230
4,4,2,1,0,16,0,False,10B,231
4,4,2,1,0,16,0,True,10B,232
4,4,2,1,0,16,0,False,10B,233
4,4,2,1,0,16,0,False,10B,234
4,4,2,1,0,16,0,True,10B,235
4,4,2,1,0,16,0,True,10B,236
4,4,2,1,0,16,0,False,10B,237
4,4,2,1,0,16,0,False,10B,238
4,4,2,1,0,16,0,True,10B,239
4,4,2,1,0,16,0,True,10B,240
4,4,2,1,0,16,0,False,10B,241
4,4,2,1,0,16,0,True,10B,242
4,4,2,1,0,16,0,False,10B,243
4,4,2,1,0,16,0,True,10B,244
8,8,2,1,0,16,0,False,15B,245
8,8,2,1,0,16,0,False,15B,246
8,8,2,1,0,16,0,False,15B,247
8,8,2,1,0,16,0,False,15B,248
8,8,2,1,0,16,0,False,15B,249
8,8,2,1,0,16,0,False,15B,250
8,8,2,1,0,16,0,False,15B,251
4,2,2,2,0,16,0,False,12B,252
4,2,2,2,0,16,0,False,12B,253
4,2,2,2,0,16,0,False,12B,254
4,2,2,2,0,16,0,True,12B,255
4,2,2,2,0,16,0,True,12B,256
4,2,2,2,0,16,0,True,12B,257
8,4,1,1,1,16,0,False,17B,258
8,4,1,1,1,16,0,False,17B,259
8,4,1,1,1,16,0,False,17B,260
8,2,2,4,0,16,0,False,18B,261
8,2,2,4,0,16,0,False,18B,262
4,2,1,1,1,16,0,False,62B,263
4,2,1,1,1,16,0,False,62B,264
4,2,1,1,1,16,0,False,62B,265
4,2,1,1,1,16,0,True,62B,266
4,2,1,1,1,16,0,True,62B,267
4,2,1,1,1,16,0,True,62B,268
8,2,1,2,1,16,0,False,63B,269
8,2,1,2,1,16,0,False,63B,270
1,8,12,1,0,12,0,False,0C,271
1,8,12,1,0,12,0,False,0C,272
1,8,12,1,0,12,0,False,0C,273
2,8,6,1,0,12,0,False,4C,274
2,8,6,1,0,12,0,True,4C,275
2,8,6,1,0,12,0,False,4C,276
2,8,6,1,0,12,0,True,4C,277
2,8,6,1,0,12,0,False,4C,278
2,8,6,1,0,12,0,True,4C,279
2,8,6,1,0,12,0,False,4C,280
2,8,6,1,0,12,0,True,4C,281
2,2,2,1,0,16,0,False,6C,282
2,2,2,1,0,16,0,True,6C,283
2,2,2,1,0,16,0,False,6C,284
2,2,2,1,0,16,0,True,6C,285
2,2,2,1,0,16,0,False,6C,286
2,2,2,1,0,16,0,True,6C,287
2,2,2,1,0,16,0,False,6C,288
2,2,2,1,0,16,0,True,6C,289
4,4,2,1,0,16,0,False,10C,290
4,4,2,1,0,16,0,True,10C,291
8,8,2,1,0,16,0,False,15C,292
8,8,2,1,0,16,0,False,15C,293
8,8,2,1,0,16,0,False,15C,294
4,2,1,1,1,16,0,False,12C,295
4,2,1,1,1,16,0,True,12C,296
8,4,1,1,1,16,0,False,17C,297
8,4,1,1,1,16,0,False,17C,298
4,2,3,4,0,12,0,False,13C,299
4,2,3,4,0,12,0,True,13C,300
1,8,12,1,0,12,0,False,0C,301
1,4,8,1,0,16,0,False,1C,302
1,4,8,1,0,16,0,True,1C,303
1,4,8,1,0,16,0,False,1C,304
1,4,8,1,0,16,0,True,1C,305
1,4,8,1,0,16,0,False,1C,306
1,4,8,1,0,16,0,True,1C,307
2,8,8,1,0,16,0,False,3C,308
2,8,8,1,0,16,0,True,3C,309
2,8,8,1,0,16,0,False,3C,310
2,8,8,1,0,16,0,True,3C,311
2,8,8,1,0,16,0,False,3C,312
2,8,8,1,0,16,0,True,3C,313
3,12,8,1,0,16,0,False,7C,314
3,12,8,1,0,16,0,False,7C,315
3,12,8,1,0,16,0,False,7C,316
4,16,8,1,0,16,0,False,11C,317
4,16,8,1,0,16,0,False,11C,318
4,16,8,1,0,16,0,False,11C,319
2,8,6,1,0,12,0,False,4C,320
2,8,6,1,0,12,0,True,4C,321
2,8,6,1,0,12,0,False,4C,322
2,8,6,1,0,12,0,True,4C,323
2,8,6,1,0,12,0,False,4C,324
2,8,6,1,0,12,0,True,4C,325
1,2,4,1,0,16,0,False,2C,326
1,2,4,1,0,16,0,True,2C,327
1,2,4,1,0,16,0,False,2C,328
1,2,4,1,0,16,0,True,2C,329
1,2,4,1,0,16,0,False,2C,330
1,2,4,1,0,16,0,False,2C,331
1,2,4,1,0,16,0,True,2C,332
1,2,4,1,0,16,0,True,2C,333
1,2,4,1,0,16,0,False,2C,334
1,2,4,1,0,16,0,True,2C,335
2,4,4,1,0,16,0,False,5C,336
2,4,4,1,0,16,0,True,5C,337
2,4,4,1,0,16,0,False,5C,338
2,4,4,1,0,16,0,True,5C,339
2,4,4,1,0,16,0,False,5C,340
2,4,4,1,0,16,0,False,5C,341
2,4,4,1,0,16,0,True,5C,342
2,4,4,1,0,16,0,True,5C,343
2,4,4,1,0,16,0,False,5C,344
2,4,4,1,0,16,0,True,5C,345
3,6,4,1,0,16,0,False,8C,346
3,6,4,1,0,16,0,True,8C,347
3,6,4,1,0,16,0,False,8C,348
3,6,4,1,0,16,0,True,8C,349
3,6,4,1,0,16,0,False,8C,350
3,6,4,1,0,16,0,False,8C,351
3,6,4,1,0,16,0,True,8C,352
3,6,4,1,0,16,0,True,8C,353
3,6,4,1,0,16,0,False,8C,354
3,6,4,1,0,16,0,True,8C,355
4,8,4,1,0,16,0,False,9C,356
4,8,4,1,0,16,0,False,9C,357
4,8,4,1,0,16,0,True,9C,358
4,8,4,1,0,16,0,False,9C,359
4,8,4,1,0,16,0,False,9C,360
4,8,4,1,0,16,0,True,9C,361
4,8,4,1,0,16,0,True,9C,362
4,8,4,1,0,16,0,False,9C,363
4,8,4,1,0,16,0,True,9C,364
6,12,4,1,0,16,0,False,14C,365
6,12,4,1,0,16,0,False,14C,366
6,12,4,1,0,16,0,False,14C,367
6,12,4,1,0,16,0,False,14C,368
6,12,4,1,0,16,0,False,14C,369
8,16,4,1,0,16,0,False,16C,370
8,16,4,1,0,16,0,False,16C,371
8,16,4,1,0,16,0,False,16C,372
8,16,4,1,0,16,0,False,16C,373
2,2,2,1,0,16,0,False,6C,374
2,2,2,1,0,16,0,True,6C,375
4,4,2,1,0,16,0,False,10C,376
4,4,2,1,0,16,0,True,10C,377
8,8,2,1,0,16,0,False,15C,378
4,2,1,1,1,16,0,False,12C,379
4,2,1,1,1,16,0,True,12C,380
4,2,1,1,1,16,0,False,12C,381
4,2,1,1,1,16,0,True,12C,382
8,4,1,1,1,16,0,False,17C,383
8,4,1,1,1,16,0,False,17C,384
2,8,6,1,0,12,0,False,4B,386
2,8,6,1,0,12,0,False,4B,387
2,8,6,1,0,12,0,True,4B,388
2,8,6,1,0,12,0,True,4B,389
2,8,6,1,0,12,0,False,4B,390
2,8,6,1,0,12,0,True,4B,391
4,2,2,2,0,16,0,False,12B,392
4,2,2,2,0,16,0,True,12B,393
8,4,1,1,1,16,0,False,17B,394
8,2,2,4,0,16,0,False,18B,395
4,2,1,1,1,16,0,False,62B,396
4,2,1,1,1,16,0,True,62B,397
8,2,1,2,1,16,0,False,63B,398
2,8,6,1,0,12,0,False,4B,399
2,8,6,1,0,12,0,True,4B,400
2,4,4,1,0,16,0,False,5B,401
2,4,4,1,0,16,0,True,5B,402
2,4,4,1,0,16,0,False,5B,403
2,4,4,1,0,16,0,True,5B,404
2,4,4,1,0,16,0,False,5B,405
2,4,4,1,0,16,0,True,5B,406
3,6,4,1,0,16,0,False,8B,407
3,6,4,1,0,16,0,True,8B,408
3,6,4,1,0,16,0,False,8B,409
3,6,4,1,0,16,0,True,8B,410
3,6,4,1,0,16,0,False,8B,411
3,6,4,1,0,16,0,True,8B,412
4,8,4,1,0,16,0,False,9B,413
4,8,4,1,0,16,0,True,9B,414
4,8,4,1,0,16,0,False,9B,415
4,8,4,1,0,16,0,True,9B,416
4,8,4,1,0,16,0,False,9B,417
4,8,4,1,0,16,0,True,9B,418
6,12,4,1,0,16,0,False,14B,419
6,12,4,1,0,16,0,False,14B,420
6,12,4,1,0,16,0,False,14B,421
8,16,4,1,0,16,0,False,16B,422
8,16,4,1,0,16,0,False,16B,423
8,16,4,1,0,16,0,False,16B,424
2,2,2,1,0,16,0,False,6B,425
2,2,2,1,0,16,0,True,6B,426
2,2,2,1,0,16,0,False,6B,427
2,2,2,1,0,16,0,True,6B,428
2,2,2,1,0,16,0,False,6B,429
2,2,2,1,0,16,0,False,6B,430
2,2,2,1,0,16,0,True,6B,431
2,2,2,1,0,16,0,True,6B,432
2,2,2,1,0,16,0,False,6B,433
2,2,2,1,0,16,0,True,6B,434
4,4,2,1,0,16,0,False,10B,435
4,4,2,1,0,16,0,True,10B,436
4,4,2,1,0,16,0,False,10B,437
4,4,2,1,0,16,0,True,10B,438
4,4,2,1,0,16,0,False,10B,439
4,4,2,1,0,16,0,False,10B,440
4,4,2,1,0,16,0,True,10B,441
4,4,2,1,0,16,0,True,10B,442
4,4,2,1,0,16,0,False,10B,443
4,4,2,1,0,16,0,True,10B,444
8,8,2,1,0,16,0,False,15B,445
8,8,2,1,0,16,0,False,15B,446
8,8,2,1,0,16,0,False,15B,447
8,8,2,1,0,16,0,False,15B,448
8,8,2,1,0,16,0,False,15B,449
4,2,2,2,0,16,0,False,12B,450
4,2,2,2,0,16,0,True,12B,451
8,4,1,1,1,16,0,False,17B,452
8,2,2,4,0,16,0,False,18B,453
8,2,2,4,0,16,0,False,18B,454
4,8,8,2,0,16,0,False,21C,455
4,8,8,2,0,16,0,True,21C,456
4,8,8,2,0,16,0,False,21C,457
4,8,8,2,0,16,0,False,21C,458
4,8,8,2,0,16,0,True,21C,459
4,8,8,2,0,16,0,False,21C,460
4,8,8,2,0,16,0,False,21C,461
4,8,8,2,0,16,0,True,21C,462
4,8,8,2,0,16,0,True,21C,463
4,8,8,2,0,16,0,False,21C,464
4,8,8,2,0,16,0,False,21C,465
4,8,8,2,0,16,0,True,21C,466
4,8,8,2,0,16,0,True,21C,467
4,8,8,2,0,16,0,False,21C,468
4,8,8,2,0,16,0,True,21C,469
4,8,8,2,0,16,0,False,21C,470
4,8,8,2,0,16,0,False,21C,471
4,8,8,2,0,16,0,True,21C,472
4,8,8,2,0,16,0,True,21C,473
4,8,8,2,0,16,0,False,21C,474
4,8,8,2,0,16,0,True,21C,475
2,2,3,2,0,12,0,False,22C,476
2,2,3,2,0,12,0,True,22C,477
4,4,3,2,0,12,0,False,23C,478
4,4,3,2,0,12,0,True,23C,479
8,8,3,2,0,12,0,False,24C,480
1,4,6,1,0,12,0,False,25C,481
1,4,6,1,0,12,0,True,25C,482
1,4,6,1,0,12,0,False,25C,483
1,4,6,1,0,12,0,False,25C,484
1,4,6,1,0,12,0,True,25C,485
1,4,6,1,0,12,0,True,25C,486
1,4,6,1,0,12,0,False,25C,487
1,4,6,1,0,12,0,True,25C,488
1,4,6,1,0,12,0,False,25C,489
1,4,6,1,0,12,0,False,25C,490
1,4,6,1,0,12,0,True,25C,491
1,4,6,1,0,12,0,True,25C,492
1,4,6,1,0,12,0,False,25C,493
1,4,6,1,0,12,0,True,25C,494
2,4,6,2,0,12,0,False,26C,495
2,4,6,2,0,12,0,True,26C,496
2,4,6,2,0,12,0,False,26C,497
2,4,6,2,0,12,0,True,26C,498
2,4,6,2,0,12,0,False,26C,499
2,4,6,2,0,12,0,True,26C,500
2,4,6,2,0,12,0,False,26C,501
2,4,6,2,0,12,0,True,26C,502
2,4,6,2,0,12,0,False,26C,503
2,4,6,2,0,12,0,True,26C,504
2,4,3,1,0,12,0,False,27C,505
2,4,3,1,0,12,0,True,27C,506
2,4,3,1,0,12,0,False,27C,507
2,4,3,1,0,12,0,True,27C,508
2,4,3,1,0,12,0,False,27C,509
2,4,3,1,0,12,0,True,27C,510
2,4,3,1,0,12,0,False,27C,511
2,4,3,1,0,12,0,True,27C,512
2,4,3,1,0,12,0,False,27C,513
2,4,3,1,0,12,0,True,27C,514
4,8,6,2,0,12,0,False,28C,515
4,8,6,2,0,12,0,False,28C,516
4,8,6,2,0,12,0,False,28C,517
4,8,6,2,0,12,0,False,28C,518
4,8,6,2,0,12,0,False,28C,519
4,8,3,1,0,12,0,False,29C,520
4,8,3,1,0,12,0,False,29C,521
4,8,3,1,0,12,0,False,29C,522
4,8,3,1,0,12,0,False,29C,523
4,8,3,1,0,12,0,False,29C,524
4,4,4,2,0,16,0,False,30C,525
4,4,4,2,0,16,0,True,30C,526
4,4,4,2,0,16,0,False,30C,527
4,4,4,2,0,16,0,True,30C,528
4,4,4,2,0,16,0,False,30C,529
4,4,4,2,0,16,0,True,30C,530
4,4,4,2,0,16,0,False,30C,531
4,4,4,2,0,16,0,True,30C,532
4,4,4,2,0,16,0,False,30C,533
4,4,4,2,0,16,0,True,30C,534
4,4,8,4,0,16,0,False,31C,535
4,4,8,4,0,16,0,True,31C,536
4,4,8,4,0,16,0,False,31C,537
4,4,8,4,0,16,0,True,31C,538
4,4,8,4,0,16,0,False,31C,539
4,4,8,4,0,16,0,True,31C,540
4,4,8,4,0,16,0,False,31C,541
4,4,8,4,0,16,0,True,31C,542
4,4,8,4,0,16,0,False,31C,543
4,4,8,4,0,16,0,True,31C,544
4,4,6,4,0,12,0,False,32C,545
4,4,6,4,0,12,0,True,32C,546
4,4,6,4,0,12,0,False,32C,547
4,4,6,4,0,12,0,True,32C,548
4,4,6,4,0,12,0,False,32C,549
4,4,6,4,0,12,0,True,32C,550
4,4,6,4,0,12,0,False,32C,551
4,4,6,4,0,12,0,True,32C,552
4,4,6,4,0,12,0,False,32C,553
4,4,6,4,0,12,0,True,32C,554
4,2,8,8,0,16,0,False,33C,555
4,2,8,8,0,16,0,True,33C,556
4,2,8,8,0,16,0,False,33C,557
4,2,8,8,0,16,0,True,33C,558
4,2,8,8,0,16,0,False,33C,559
4,2,8,8,0,16,0,True,33C,560
4,2,8,8,0,16,0,False,33C,561
4,2,8,8,0,16,0,True,33C,562
4,2,8,8,0,16,0,False,33C,563
4,2,8,8,0,16,0,True,33C,564
4,2,6,8,0,12,0,False,34C,565
4,2,6,8,0,12,0,True,34C,566
4,2,6,8,0,12,0,False,34C,567
4,2,6,8,0,12,0,True,34C,568
4,2,6,8,0,12,0,False,34C,569
4,2,6,8,0,12,0,True,34C,570
8,4,3,4,0,12,0,False,35C,571
8,4,3,4,0,12,0,False,35C,572
8,4,3,4,0,12,0,False,35C,573
8,2,3,8,0,12,0,False,36C,574
8,2,3,8,0,12,0,False,36C,575
4,2,3,4,0,12,0,False,13C,576
4,2,3,4,0,12,0,True,13C,577
8,2,1,2,1,16,0,False,18C,578
1,4,8,1,0,16,0,False,1C,579
1,4,8,1,0,16,0,False,1C,580
1,4,8,1,0,16,0,False,1C,581
4,8,4,1,0,16,0,False,9C,582
4,8,4,1,0,16,0,True,9C,583
4,2,1,1,1,16,0,False,62B,678
4,2,1,1,1,16,0,True,62B,679
8,2,1,2,1,16,0,False,63B,680
8,2,1,2,1,16,0,False,63B,681
4,4,2,1,0,16,0,False,10B,682
4,4,2,1,0,16,0,True,10B,683
1,8,12,1,0,12,0,False,0C,684
1,8,12,1,0,12,0,False,0C,685
1,8,12,1,0,12,0,False,0C,686
1,8,12,1,0,12,0,False,0C,687
1,8,12,1,0,12,0,False,0C,688
1,4,8,1,0,16,0,False,1C,689
1,4,8,1,0,16,0,True,1C,690
1,4,8,1,0,16,0,False,1C,691
1,4,8,1,0,16,0,True,1C,692
1,4,8,1,0,16,0,False,1C,693
1,4,8,1,0,16,0,True,1C,694
1,4,8,1,0,16,0,False,1C,695
1,4,8,1,0,16,0,True,1C,696
1,4,8,1,0,16,0,False,1C,697
1,4,8,1,0,16,0,True,1C,698
1,4,8,1,0,16,0,False,1C,699
1,4,8,1,0,16,0,True,1C,700
2,8,8,1,0,16,0,False,3C,701
2,8,8,1,0,16,0,True,3C,702
2,8,8,1,0,16,0,False,3C,703
2,8,8,1,0,16,0,True,3C,704
2,8,8,1,0,16,0,False,3C,705
2,8,8,1,0,16,0,True,3C,706
2,8,8,1,0,16,0,False,3C,707
2,8,8,1,0,16,0,True,3C,708
2,8,8,1,0,16,0,False,3C,709
2,8,8,1,0,16,0,True,3C,710
2,8,8,1,0,16,0,False,3C,711
2,8,8,1,0,16,0,True,3C,712
3,12,8,1,0,16,0,False,7C,713
3,12,8,1,0,16,0,False,7C,714
3,12,8,1,0,16,0,False,7C,715
3,12,8,1,0,16,0,False,7C,716
3,12,8,1,0,16,0,False,7C,717
3,12,8,1,0,16,0,False,7C,718
4,16,8,1,0,16,0,False,11C,719
4,16,8,1,0,16,0,False,11C,720
4,16,8,1,0,16,0,False,11C,721
4,16,8,1,0,16,0,False,11C,722
4,16,8,1,0,16,0,False,11C,723
4,16,8,1,0,16,0,False,11C,724
2,8,6,1,0,12,0,False,4C,725
2,8,6,1,0,12,0,False,4C,726
2,8,6,1,0,12,0,False,4C,727
2,8,6,1,0,12,0,True,4C,728
2,8,6,1,0,12,0,True,4C,729
2,8,6,1,0,12,0,False,4C,730
2,8,6,1,0,12,0,True,4C,731
2,8,6,1,0,12,0,False,4C,732
2,8,6,1,0,12,0,False,4C,733
2,8,6,1,0,12,0,True,4C,734
2,8,6,1,0,12,0,True,4C,735
2,8,6,1,0,12,0,False,4C,736
2,8,6,1,0,12,0,True,4C,737
1,2,4,1,0,16,0,False,2C,738
1,2,4,1,0,16,0,True,2C,739
1,2,4,1,0,16,0,False,2C,740
1,2,4,1,0,16,0,True,2C,741
1,2,4,1,0,16,0,False,2C,742
1,2,4,1,0,16,0,True,2C,743
1,2,4,1,0,16,0,False,2C,744
1,2,4,1,0,16,0,True,2C,745
1,2,4,1,0,16,0,False,2C,746
1,2,4,1,0,16,0,True,2C,747
2,4,4,1,0,16,0,False,5C,748
2,4,4,1,0,16,0,True,5C,749
2,4,4,1,0,16,0,False,5C,750
2,4,4,1,0,16,0,True,5C,751
2,4,4,1,0,16,0,False,5C,752
2,4,4,1,0,16,0,True,5C,753
2,4,4,1,0,16,0,False,5C,754
2,4,4,1,0,16,0,True,5C,755
2,4,4,1,0,16,0,False,5C,756
2,4,4,1,0,16,0,True,5C,757
3,6,4,1,0,16,0,False,8C,758
3,6,4,1,0,16,0,True,8C,759
3,6,4,1,0,16,0,False,8C,760
3,6,4,1,0,16,0,True,8C,761
3,6,4,1,0,16,0,False,8C,762
3,6,4,1,0,16,0,True,8C,763
3,6,4,1,0,16,0,False,8C,764
3,6,4,1,0,16,0,True,8C,765
3,6,4,1,0,16,0,False,8C,766
3,6,4,1,0,16,0,True,8C,767
4,8,4,1,0,16,0,False,9C,768
4,8,4,1,0,16,0,True,9C,769
4,8,4,1,0,16,0,False,9C,770
4,8,4,1,0,16,0,True,9C,771
4,8,4,1,0,16,0,False,9C,772
4,8,4,1,0,16,0,True,9C,773
4,8,4,1,0,16,0,False,9C,774
4,8,4,1,0,16,0,True,9C,775
4,8,4,1,0,16,0,False,9C,776
4,8,4,1,0,16,0,True,9C,777
6,12,4,1,0,16,0,False,14C,778
6,12,4,1,0,16,0,False,14C,779
6,12,4,1,0,16,0,False,14C,780
6,12,4,1,0,16,0,False,14C,781
6,12,4,1,0,16,0,False,14C,782
8,16,4,1,0,16,0,False,16C,783
8,16,4,1,0,16,0,False,16C,784
8,16,4,1,0,16,0,False,16C,785
8,16,4,1,0,16,0,False,16C,786
8,16,4,1,0,16,0,False,16C,787
2,2,2,1,0,16,0,False,6C,788
2,2,2,1,0,16,0,True,6C,789
2,2,2,1,0,16,0,False,6C,790
2,2,2,1,0,16,0,True,6C,791
2,2,2,1,0,16,0,False,6C,792
2,2,2,1,0,16,0,True,6C,793
2,2,2,1,0,16,0,False,6C,794
2,2,2,1,0,16,0,True,6C,795
2,2,2,1,0,16,0,False,6C,796
2,2,2,1,0,16,0,True,6C,797
4,4,2,1,0,16,0,False,10C,798
4,4,2,1,0,16,0,True,10C,799
4,4,2,1,0,16,0,False,10C,800
4,4,2,1,0,16,0,True,10C,801
4,4,2,1,0,16,0,False,10C,802
4,4,2,1,0,16,0,True,10C,803
4,4,2,1,0,16,0,False,10C,804
4,4,2,1,0,16,0,True,10C,805
4,4,2,1,0,16,0,False,10C,806
4,4,2,1,0,16,0,True,10C,807
8,8,2,1,0,16,0,False,15C,808
8,8,2,1,0,16,0,False,15C,809
8,8,2,1,0,16,0,False,15C,810
8,8,2,1,0,16,0,False,15C,811
8,8,2,1,0,16,0,False,15C,812
4,2,1,1,1,16,0,False,12C,813
4,2,1,1,1,16,0,True,12C,814
4,2,1,1,1,16,0,False,12C,815
4,2,1,1,1,16,0,True,12C,816
4,2,1,1,1,16,0,False,12C,817
4,2,1,1,1,16,0,True,12C,818
4,2,1,1,1,16,0,False,12C,819
4,2,1,1,1,16,0,True,12C,820
8,4,1,1,1,16,0,False,17C,821
8,4,1,1,1,16,0,False,17C,822
8,4,1,1,1,16,0,False,17C,823
8,4,1,1,1,16,0,False,17C,824
2,8,6,1,0,12,0,False,4B,825
2,8,6,1,0,12,0,False,4B,826
2,8,6,1,0,12,0,True,4B,827
2,8,6,1,0,12,0,True,4B,828
2,8,6,1,0,12,0,False,4B,829
2,8,6,1,0,12,0,True,4B,830
2,8,6,1,0,12,0,False,4B,831
2,8,6,1,0,12,0,False,4B,832
2,8,6,1,0,12,0,True,4B,833
2,8,6,1,0,12,0,True,4B,834
2,8,6,1,0,12,0,False,4B,835
2,8,6,1,0,12,0,False,4B,836
2,8,6,1,0,12,0,True,4B,837
2,8,6,1,0,12,0,True,4B,838
2,4,4,1,0,16,0,False,5B,839
2,4,4,1,0,16,0,True,5B,840
2,4,4,1,0,16,0,False,5B,841
2,4,4,1,0,16,0,True,5B,842
2,4,4,1,0,16,0,False,5B,843
2,4,4,1,0,16,0,True,5B,844
2,4,4,1,0,16,0,False,5B,845
2,4,4,1,0,16,0,True,5B,846
2,4,4,1,0,16,0,False,5B,847
2,4,4,1,0,16,0,True,5B,848
2,4,4,1,0,16,0,False,5B,849
2,4,4,1,0,16,0,True,5B,850
3,6,4,1,0,16,0,False,8B,851
3,6,4,1,0,16,0,True,8B,852
3,6,4,1,0,16,0,False,8B,853
3,6,4,1,0,16,0,True,8B,854
3,6,4,1,0,16,0,False,8B,855
3,6,4,1,0,16,0,True,8B,856
3,6,4,1,0,16,0,False,8B,857
3,6,4,1,0,16,0,True,8B,858
3,6,4,1,0,16,0,False,8B,859
3,6,4,1,0,16,0,True,8B,860
3,6,4,1,0,16,0,False,8B,861
3,6,4,1,0,16,0,True,8B,862
4,8,4,1,0,16,0,False,9B,863
4,8,4,1,0,16,0,True,9B,864
4,8,4,1,0,16,0,False,9B,865
4,8,4,1,0,16,0,True,9B,866
4,8,4,1,0,16,0,False,9B,867
4,8,4,1,0,16,0,True,9B,868
4,8,4,1,0,16,0,False,9B,869
4,8,4,1,0,16,0,True,9B,870
4,8,4,1,0,16,0,False,9B,871
4,8,4,1,0,16,0,True,9B,872
4,8,4,1,0,16,0,False,9B,873
4,8,4,1,0,16,0,True,9B,874
6,12,4,1,0,16,0,False,14B,875
6,12,4,1,0,16,0,False,14B,876
6,12,4,1,0,16,0,False,14B,877
6,12,4,1,0,16,0,False,14B,878
6,12,4,1,0,16,0,False,14B,879
6,12,4,1,0,16,0,False,14B,880
8,16,4,1,0,16,0,False,16B,881
8,16,4,1,0,16,0,False,16B,882
8,16,4,1,0,16,0,False,16B,883
8,16,4,1,0,16,0,False,16B,884
8,16,4,1,0,16,0,False,16B,885
8,16,4,1,0,16,0,False,16B,886
2,2,2,1,0,16,0,False,6B,887
2,2,2,1,0,16,0,True,6B,888
2,2,2,1,0,16,0,False,6B,889
2,2,2,1,0,16,0,True,6B,890
2,2,2,1,0,16,0,False,6B,891
2,2,2,1,0,16,0,True,6B,892
2,2,2,1,0,16,0,False,6B,893
2,2,2,1,0,16,0,True,6B,894
2,2,2,1,0,16,0,False,6B,895
2,2,2,1,0,16,0,True,6B,896
4,4,2,1,0,16,0,False,10B,897
4,4,2,1,0,16,0,True,10B,898
4,4,2,1,0,16,0,False,10B,899
4,4,2,1,0,16,0,True,10B,900
4,4,2,1,0,16,0,False,10B,901
4,4,2,1,0,16,0,True,10B,902
4,4,2,1,0,16,0,False,10B,903
4,4,2,1,0,16,0,True,10B,904
4,4,2,1,0,16,0,False,10B,905
4,4,2,1,0,16,0,True,10B,906
8,8,2,1,0,16,0,False,15B,907
8,8,2,1,0,16,0,False,15B,908
8,8,2,1,0,16,0,False,15B,909
8,8,2,1,0,16,0,False,15B,910
8,8,2,1,0,16,0,False,15B,911
4,2,2,2,0,16,0,False,12B,912
4,2,2,2,0,16,0,True,12B,913
4,2,2,2,0,16,0,False,12B,914
4,2,2,2,0,16,0,True,12B,915
4,2,2,2,0,16,0,False,12B,916
4,2,2,2,0,16,0,True,12B,917
4,2,2,2,0,16,0,False,12B,918
4,2,2,2,0,16,0,True,12B,919
4,2,2,2,0,16,0,False,12B,920
4,2,2,2,0,16,0,True,12B,921
8,4,1,1,1,16,0,False,17B,922
8,4,1,1,1,16,0,False,17B,923
8,4,1,1,1,16,0,False,17B,924
8,4,1,1,1,16,0,False,17B,925
8,4,1,1,1,16,0,False,17B,926
8,2,2,4,0,16,0,False,18B,927
8,2,2,4,0,16,0,False,18B,928
8,2,2,4,0,16,0,False,18B,929
8,2,2,4,0,16,0,False,18B,930
1,4,6,1,0,12,0,False,25C,931
1,4,6,1,0,12,0,False,25C,932
1,4,6,1,0,12,0,True,25C,933
1,4,6,1,0,12,0,True,25C,934
1,4,6,1,0,12,0,False,25C,935
1,4,6,1,0,12,0,True,25C,936
1,4,6,1,0,12,0,False,25C,937
1,4,6,1,0,12,0,False,25C,938
1,4,6,1,0,12,0,True,25C,939
1,4,6,1,0,12,0,True,25C,940
1,4,6,1,0,12,0,False,25C,941
1,4,6,1,0,12,0,True,25C,942
4,8,8,2,0,16,0,False,21C,943
4,8,8,2,0,16,0,True,21C,944
4,8,8,2,0,16,0,False,21C,945
4,8,8,2,0,16,0,True,21C,946
4,8,8,2,0,16,0,False,21C,947
4,8,8,2,0,16,0,True,21C,948
4,8,8,2,0,16,0,False,21C,949
4,8,8,2,0,16,0,True,21C,950
4,8,8,2,0,16,0,False,21C,951
4,8,8,2,0,16,0,True,21C,952
2,4,6,2,0,12,0,False,26C,953
2,4,6,2,0,12,0,True,26C,954
2,4,6,2,0,12,0,False,26C,955
2,4,6,2,0,12,0,True,26C,956
2,4,6,2,0,12,0,False,26C,957
2,4,6,2,0,12,0,True,26C,958
2,4,6,2,0,12,0,False,26C,959
2,4,6,2,0,12,0,True,26C,960
2,4,6,2,0,12,0,False,26C,961
2,4,6,2,0,12,0,True,26C,962
2,4,6,2,0,12,0,False,26C,963
2,4,6,2,0,12,0,True,26C,964
2,4,6,2,0,12,0,False,26C,965
2,4,6,2,0,12,0,True,26C,966
2,4,3,1,0,12,0,False,27C,967
2,4,3,1,0,12,0,True,27C,968
2,4,3,1,0,12,0,False,27C,969
2,4,3,1,0,12,0,True,27C,970
2,4,3,1,0,12,0,False,27C,971
2,4,3,1,0,12,0,True,27C,972
2,4,3,1,0,12,0,False,27C,973
2,4,3,1,0,12,0,True,27C,974
2,4,3,1,0,12,0,False,27C,975
2,4,3,1,0,12,0,True,27C,976
2,4,3,1,0,12,0,False,27C,977
2,4,3,1,0,12,0,True,27C,978
2,4,3,1,0,12,0,False,27C,979
2,4,3,1,0,12,0,True,27C,980
4,8,6,2,0,12,0,False,28C,981
4,8,6,2,0,12,0,False,28C,982
4,8,6,2,0,12,0,False,28C,983
4,8,6,2,0,12,0,False,28C,984
4,8,6,2,0,12,0,False,28C,985
4,8,6,2,0,12,0,False,28C,986
4,8,6,2,0,12,0,False,28C,987
4,8,3,1,0,12,0,False,29C,988
4,8,3,1,0,12,0,False,29C,989
4,8,3,1,0,12,0,False,29C,990
4,8,3,1,0,12,0,False,29C,991
4,8,3,1,0,12,0,False,29C,992
4,8,3,1,0,12,0,False,29C,993
4,8,3,1,0,12,0,False,29C,994
2,2,2,1,0,16,0,False,6C,995
2,2,2,1,0,16,0,True,6C,996
2,2,2,1,0,16,0,False,6C,997
2,2,2,1,0,16,0,True,6C,998
4,4,2,1,0,16,0,False,10C,999
4,4,2,1,0,16,0,True,10C,1000
4,4,2,1,0,16,0,False,10C,1001
4,4,2,1,0,16,0,True,10C,1002
8,8,2,1,0,16,0,False,15C,1003
8,8,2,1,0,16,0,False,15C,1004
4,4,4,2,0,16,0,False,30C,1005
4,4,4,2,0,16,0,True,30C,1006
4,4,4,2,0,16,0,False,30C,1007
4,4,4,2,0,16,0,True,30C,1008
4,4,4,2,0,16,0,False,30C,1009
4,4,4,2,0,16,0,True,30C,1010
4,4,4,2,0,16,0,False,30C,1011
4,4,4,2,0,16,0,True,30C,1012
4,4,4,2,0,16,0,False,30C,1013
4,4,4,2,0,16,0,True,30C,1014
4,4,4,2,0,16,0,False,30C,1015
4,4,4,2,0,16,0,True,30C,1016
4,4,4,2,0,16,0,False,30C,1017
4,4,4,2,0,16,0,True,30C,1018
4,4,8,4,0,16,0,False,31C,1019
4,4,8,4,0,16,0,True,31C,1020
4,4,8,4,0,16,0,False,31C,1021
4,4,8,4,0,16,0,True,31C,1022
4,4,8,4,0,16,0,False,31C,1023
4,4,8,4,0,16,0,True,31C,1024
4,4,8,4,0,16,0,False,31C,1025
4,4,8,4,0,16,0,True,31C,1026
4,4,8,4,0,16,0,False,31C,1027
4,4,8,4,0,16,0,True,31C,1028
4,4,8,4,0,16,0,False,31C,1029
4,4,8,4,0,16,0,True,31C,1030
4,4,8,4,0,16,0,False,31C,1031
4,4,8,4,0,16,0,True,31C,1032
2,2,3,2,0,12,0,False,22C,1033
2,2,3,2,0,12,0,True,22C,1034
2,2,3,2,0,12,0,False,22C,1035
2,2,3,2,0,12,0,True,22C,1036
2,2,3,2,0,12,0,False,22C,1037
2,2,3,2,0,12,0,True,22C,1038
2,2,3,2,0,12,0,False,22C,1039
2,2,3,2,0,12,0,True,22C,1040
2,2,3,2,0,12,0,False,22C,1041
2,2,3,2,0,12,0,True,22C,1042
4,4,3,2,0,12,0,False,23C,1043
4,4,3,2,0,12,0,True,23C,1044
4,4,3,2,0,12,0,False,23C,1045
4,4,3,2,0,12,0,True,23C,1046
4,4,3,2,0,12,0,False,23C,1047
4,4,3,2,0,12,0,True,23C,1048
4,4,3,2,0,12,0,False,23C,1049
4,4,3,2,0,12,0,True,23C,1050
4,4,3,2,0,12,0,False,23C,1051
4,4,3,2,0,12,0,True,23C,1052
8,8,3,2,0,12,0,False,24C,1053
8,8,3,2,0,12,0,False,24C,1054
8,8,3,2,0,12,0,False,24C,1055
8,8,3,2,0,12,0,False,24C,1056
8,8,3,2,0,12,0,False,24C,1057
4,4,6,4,0,12,0,False,32C,1058
4,4,6,4,0,12,0,True,32C,1059
4,4,6,4,0,12,0,False,32C,1060
4,4,6,4,0,12,0,True,32C,1061
4,4,6,4,0,12,0,False,32C,1062
4,4,6,4,0,12,0,True,32C,1063
4,4,6,4,0,12,0,False,32C,1064
4,4,6,4,0,12,0,True,32C,1065
4,4,6,4,0,12,0,False,32C,1066
4,4,6,4,0,12,0,True,32C,1067
4,2,8,8,0,16,0,False,33C,1068
4,2,8,8,0,16,0,True,33C,1069
4,2,8,8,0,16,0,False,33C,1070
4,2,8,8,0,16,0,True,33C,1071
4,2,8,8,0,16,0,False,33C,1072
4,2,8,8,0,16,0,True,33C,1073
4,2,8,8,0,16,0,False,33C,1074
4,2,8,8,0,16,0,True,33C,1075
8,2,1,2,1,16,0,False,18C,1076
4,2,2,2,0,16,0,False,12B,1077
4,2,2,2,0,16,0,True,12B,1078
4,2,2,2,0,16,0,False,12B,1079
4,2,2,2,0,16,0,True,12B,1080
4,2,1,1,1,16,0,False,62B,1081
4,2,1,1,1,16,0,True,62B,1082
4,2,1,1,1,16,0,False,62B,1083
4,2,1,1,1,16,0,True,62B,1084
4,2,1,1,1,16,0,False,62B,1085
4,2,1,1,1,16,0,True,62B,1086
4,2,1,1,1,16,0,False,62B,1087
4,2,1,1,1,16,0,True,62B,1088
4,2,1,1,1,16,0,False,62B,1089
4,2,1,1,1,16,0,True,62B,1090
4,2,1,1,1,16,0,False,62B,1091
4,2,1,1,1,16,0,True,62B,1092
4,2,1,1,1,16,0,False,62B,1093
4,2,1,1,1,16,0,True,62B,1094
8,4,1,1,1,16,0,False,17B,1095
8,4,1,1,1,16,0,False,17B,1096
8,2,1,2,1,16,0,False,63B,1097
8,2,1,2,1,16,0,False,63B,1098
8,2,1,2,1,16,0,False,63B,1099
8,2,1,2,1,16,0,False,63B,1100
1,4,6,1,0,12,0,True,25C,1101
1,4,6,1,0,12,0,False,25C,1102
1,2,4,1,0,16,0,False,2C,1103
1,2,4,1,0,16,0,True,2C,1104
2,4,4,1,0,16,0,False,5C,1105
2,4,4,1,0,16,0,True,5C,1106
3,6,4,1,0,16,0,False,8C,1107
3,6,4,1,0,16,0,True,8C,1108
4,8,8,2,0,16,0,False,21C,1109
4,8,8,2,0,16,0,True,21C,1110
6,12,4,1,0,16,0,False,14C,1111
8,16,4,1,0,16,0,False,16C,1112
2,2,2,1,0,16,0,False,6B,1113
2,2,2,1,0,16,0,True,6B,1114
8,8,2,1,0,16,0,False,15B,1115
